{"data":{"strapiServiciosAdicionales":{"iconos":[{"url":"https://res.cloudinary.com/novanet-studio/image/upload/v1603385559/buenaventura/uploads/buenaventura_tax_servicios_adicionales_resoluciones_fiscales_icono_14140fe6ec.svg"},{"url":"https://res.cloudinary.com/novanet-studio/image/upload/v1603385556/buenaventura/uploads/buenaventura_tax_servicios_adicionales_cumplimiento_icono_03be4d0a2f.svg"},{"url":"https://res.cloudinary.com/novanet-studio/image/upload/v1603385556/buenaventura/uploads/buenaventura_tax_servicios_adicionales_licencias_icono_3bcd994706.svg"}]}}}