{"data":{"strapiNosotros":{"iconos":[{"url":"https://res.cloudinary.com/novanet-studio/image/upload/v1603385556/buenaventura/uploads/buenaventura_tax_nosotros_compromiso_icono_79d78d4e56.svg"},{"url":"https://res.cloudinary.com/novanet-studio/image/upload/v1603385556/buenaventura/uploads/buenaventura_tax_nosotros_confianza_icono_0b97ea3c76.svg"},{"url":"https://res.cloudinary.com/novanet-studio/image/upload/v1603385429/buenaventura/uploads/buenaventura_tax_nosotros_calidad_icono_2eee20913b.svg"},{"url":"https://res.cloudinary.com/novanet-studio/image/upload/v1603385556/buenaventura/uploads/buenaventura_tax_nosotros_responsabilidad_icono_ff8717567c.svg"},{"url":"https://res.cloudinary.com/novanet-studio/image/upload/v1603385556/buenaventura/uploads/buenaventura_tax_nosotros_vocacion_icono_35c6dd481a.svg"}]}}}