{"errors":[],"warnings":[],"namedChunkGroups":{"polyfill":{"chunks":[3,9],"assets":["webpack-runtime-d5e2baec28447438ce4a.js","webpack-runtime-d5e2baec28447438ce4a.js.map","polyfill-c9ddb053ef9bb8e45d94.js","polyfill-c9ddb053ef9bb8e45d94.js.map"],"children":{},"childAssets":{}},"app":{"chunks":[3,0,8,4],"assets":["webpack-runtime-d5e2baec28447438ce4a.js","webpack-runtime-d5e2baec28447438ce4a.js.map","styles.89b29a9e6252097d8d14.css","styles-407fe62976dc5310c43e.js","styles-407fe62976dc5310c43e.js.map","framework-8e528b732ab2eaadb7b7.js","framework-8e528b732ab2eaadb7b7.js.map","app-5dc7c61fddb5fd478e2d.js","app-5dc7c61fddb5fd478e2d.js.map"],"children":{},"childAssets":{}},"component---cache-caches-gatsby-plugin-offline-app-shell-js":{"chunks":[5],"assets":["component---cache-caches-gatsby-plugin-offline-app-shell-js-ad6431e4664bcf916d19.js","component---cache-caches-gatsby-plugin-offline-app-shell-js-ad6431e4664bcf916d19.js.map"],"children":{},"childAssets":{}},"component---src-pages-404-js":{"chunks":[0,1,2,6],"assets":["styles.89b29a9e6252097d8d14.css","styles-407fe62976dc5310c43e.js","styles-407fe62976dc5310c43e.js.map","a9a7754c-2386239dcdf0f04f1690.js","a9a7754c-2386239dcdf0f04f1690.js.map","e50e9c162871c1d91fba5ce567a5656e16dc6783-1197221202af7ea8a098.js","e50e9c162871c1d91fba5ce567a5656e16dc6783-1197221202af7ea8a098.js.map","component---src-pages-404-js-5037d0cd4a07555e98a3.js","component---src-pages-404-js-5037d0cd4a07555e98a3.js.map"],"children":{},"childAssets":{}},"component---src-pages-index-js":{"chunks":[0,1,2,7],"assets":["styles.89b29a9e6252097d8d14.css","styles-407fe62976dc5310c43e.js","styles-407fe62976dc5310c43e.js.map","a9a7754c-2386239dcdf0f04f1690.js","a9a7754c-2386239dcdf0f04f1690.js.map","e50e9c162871c1d91fba5ce567a5656e16dc6783-1197221202af7ea8a098.js","e50e9c162871c1d91fba5ce567a5656e16dc6783-1197221202af7ea8a098.js.map","component---src-pages-index-js-01cbcbe4762be02d97d3.js","component---src-pages-index-js-01cbcbe4762be02d97d3.js.map"],"children":{},"childAssets":{}}},"assetsByChunkName":{"polyfill":["webpack-runtime-d5e2baec28447438ce4a.js","polyfill-c9ddb053ef9bb8e45d94.js"],"app":["webpack-runtime-d5e2baec28447438ce4a.js","styles.89b29a9e6252097d8d14.css","styles-407fe62976dc5310c43e.js","framework-8e528b732ab2eaadb7b7.js","app-5dc7c61fddb5fd478e2d.js"],"component---cache-caches-gatsby-plugin-offline-app-shell-js":["component---cache-caches-gatsby-plugin-offline-app-shell-js-ad6431e4664bcf916d19.js"],"component---src-pages-404-js":["styles.89b29a9e6252097d8d14.css","styles-407fe62976dc5310c43e.js","a9a7754c-2386239dcdf0f04f1690.js","e50e9c162871c1d91fba5ce567a5656e16dc6783-1197221202af7ea8a098.js","component---src-pages-404-js-5037d0cd4a07555e98a3.js"],"component---src-pages-index-js":["styles.89b29a9e6252097d8d14.css","styles-407fe62976dc5310c43e.js","a9a7754c-2386239dcdf0f04f1690.js","e50e9c162871c1d91fba5ce567a5656e16dc6783-1197221202af7ea8a098.js","component---src-pages-index-js-01cbcbe4762be02d97d3.js"]}}